id,name,username,email,phone
1,Jane,Kytter,jkytter0@tripadvisor.com,7759415644
2,Stefa,Bartlam,sbartlam1@yale.edu,8973470596
3,Trevor,Nottle,tnottle2@wikispaces.com,2704450389
4,Ellynn,Atrill,eatrill3@biblegateway.com,5143285803
5,Trudey,Wasling,twasling4@unblog.fr,7179637041
6,Inga,Czajkowski,iczajkowski5@theatlantic.com,6291872348
7,Ashly,Wherrit,awherrit6@xrea.com,9521637759
8,Marmaduke,Stovell,mstovell7@stanford.edu,8139610178
9,Tootsie,Braams,tbraams8@freewebs.com,7303641088
10,Corbett,Hendin,chendin9@hubpages.com,1156643475
11,Zachery,Heinke,zheinkea@free.fr,6661364555
12,Ase,Purse,apurseb@slideshare.net,1923820391
13,Hedda,Cardenas,hcardenasc@ocn.ne.jp,1849953100
14,Dorise,Cutmare,dcutmared@bizjournals.com,8336944763
15,Adriane,Szymanowicz,aszymanowicze@google.es,7535377480
16,Rebeca,Janousek,rjanousekf@about.com,8118462530
17,Goober,Bome,gbomeg@desdev.cn,7963824641
18,Theodosia,Gorring,tgorringh@hostgator.com,2114516334
19,Ronna,Barraclough,rbarracloughi@npr.org,4427854235
20,Merissa,Cotterill,mcotterillj@t.co,2021773293
21,Corabella,Oldfield,coldfieldk@tmall.com,1977497050
22,Arlette,Ogley,aogleyl@google.nl,4489743936
23,Brody,Ranahan,branahanm@wisc.edu,9634257297
24,Costanza,Cleaves,ccleavesn@stumbleupon.com,4737872435
25,Carl,Savery,csaveryo@sogou.com,4873322673
26,Nathaniel,Sacks,nsacksp@e-recht24.de,7564994670
27,Allissa,Brewitt,abrewittq@statcounter.com,8154866633
28,Odelia,Yeardley,oyeardleyr@sohu.com,9631473487
29,Binni,Gayther,bgaythers@springer.com,2754842020
30,Jacquenette,Flinders,jflinderst@wikia.com,2837076135
31,Chantal,MacPaike,cmacpaikeu@icio.us,4434705898
32,Jone,Scambler,jscamblerv@biblegateway.com,6391229735
33,Linette,Brierley,lbrierleyw@bbb.org,2822024962
34,Lucille,Grolmann,lgrolmannx@cdbaby.com,1027034373
35,Worthy,Izacenko,wizacenkoy@craigslist.org,7368004805
36,Olympia,Feben,ofebenz@nps.gov,4661504849
37,Berk,Witham,bwitham10@sogou.com,2339102616
38,Hodge,Shewring,hshewring11@over-blog.com,5783448732
39,Easter,Aspinal,easpinal12@disqus.com,2181062568
40,Denver,Goodenough,dgoodenough13@reddit.com,8852928720
41,Berny,Purnell,bpurnell14@addtoany.com,3173390418
42,Myrta,Showers,mshowers15@redcross.org,6685197694
43,Danica,Lawden,dlawden16@marriott.com,2312437784
44,Carol-jean,Eteen,ceteen17@skyrock.com,1839424831
45,Mercedes,Galletley,mgalletley18@cyberchimps.com,1417382584
46,Glenn,Quenby,gquenby19@jiathis.com,7202773883
47,Joye,Winny,jwinny1a@spiegel.de,2088304076
48,Tadio,Kendrew,tkendrew1b@imdb.com,9703846260
49,Granny,Harlett,gharlett1c@e-recht24.de,2968032503
50,Glynda,Dutt,gdutt1d@hostgator.com,6184600165
51,Stuart,Flescher,sflescher1e@dailymail.co.uk,3032471702
52,Juline,McGroarty,jmcgroarty1f@friendfeed.com,9375844577
53,Raffarty,Lowdeane,rlowdeane1g@dropbox.com,7671657575
54,Wilt,Brenston,wbrenston1h@wordpress.org,1226904164
55,Lizette,Doding,ldoding1i@java.com,2576422803
56,Audrey,Whitley,awhitley1j@omniture.com,8703699417
57,Genia,Ahmed,gahmed1k@quantcast.com,7134284628
58,Emelia,MacCleay,emaccleay1l@parallels.com,9416858819
59,Tallie,Hoyer,thoyer1m@gov.uk,4155864669
60,Noak,Koba,nkoba1n@symantec.com,2891381948
61,Zackariah,Gullefant,zgullefant1o@mayoclinic.com,1232152050
62,Giovanna,Bolderstone,gbolderstone1p@bigcartel.com,7568453503
63,Dwain,McGannon,dmcgannon1q@t-online.de,9973085339
64,Alexina,Mollindinia,amollindinia1r@alexa.com,3652860229
65,Xaviera,Stubs,xstubs1s@omniture.com,2184523435
66,Rodolphe,Zorro,rzorro1t@bloomberg.com,6878723861
67,Amalie,Kyte,akyte1u@theatlantic.com,8654919803
68,Aida,Udale,audale1v@com.com,1526247620
69,Worth,Gebb,wgebb1w@google.ca,9853989804
70,Hilton,Cashin,hcashin1x@hostgator.com,8161401586
71,Maris,Dunseath,mdunseath1y@illinois.edu,2344728698
72,Hastings,Stopps,hstopps1z@devhub.com,3532345673
73,Peter,Petrushka,ppetrushka20@dropbox.com,6771485577
74,Rozalin,Tibbits,rtibbits21@elegantthemes.com,8972431346
75,Ingemar,Rylatt,irylatt22@delicious.com,5867072800
76,Bennie,Scoffham,bscoffham23@reverbnation.com,7593077478
77,Mitchel,Hawney,mhawney24@ft.com,5618233112
78,Joletta,Newburn,jnewburn25@tuttocitta.it,7784037755
79,Grantham,Birdwhistle,gbirdwhistle26@1und1.de,9775978435
80,Corella,Brinson,cbrinson27@com.com,2846942129
81,Danit,Hobbema,dhobbema28@hubpages.com,3515113536
82,Adlai,Colthard,acolthard29@histats.com,8202176710
83,Titos,Manton,tmanton2a@cafepress.com,8265379305
84,Booth,Shipman,bshipman2b@dmoz.org,3816626456
85,Verna,Grimble,vgrimble2c@pcworld.com,9101583934
86,Sauveur,Baton,sbaton2d@examiner.com,8108419008
87,Sidney,Morrell,smorrell2e@arizona.edu,6429443603
88,Reider,Defew,rdefew2f@networksolutions.com,9912765110
89,Ilysa,Dederick,idederick2g@parallels.com,4637934698
90,Salli,Byatt,sbyatt2h@amazon.co.uk,9997007594
91,Waiter,Shedd,wshedd2i@dailymail.co.uk,8591489901
92,Wendy,Falconar,wfalconar2j@admin.ch,8761843810
93,Hallie,Corbishley,hcorbishley2k@hibu.com,6415028090
94,Johnny,Foye,jfoye2l@blogger.com,9524303635
95,Matilde,Henrion,mhenrion2m@howstuffworks.com,7096186576
96,Mead,Redman,mredman2n@ehow.com,5001087188
97,Broderick,Woodworth,bwoodworth2o@mit.edu,7555914793
98,Edith,Wills,ewills2p@domainmarket.com,2348235495
99,Lucinda,Monkeman,lmonkeman2q@ustream.tv,3872119513
100,Calida,Fideler,cfideler2r@opensource.org,4454674792
101,Tonye,Densell,tdensell2s@mtv.com,6424034397
102,Arny,Berrisford,aberrisford2t@eepurl.com,4712260007
103,Dasie,Brittles,dbrittles2u@canalblog.com,9644485378
104,Shandee,Gontier,sgontier2v@wp.com,2793773583
105,Luciano,Eburah,leburah2w@webs.com,4272088899
106,Lotta,Heaysman,lheaysman2x@meetup.com,5332365128
107,Rad,Vinker,rvinker2y@webnode.com,1708674657
108,May,Skepper,mskepper2z@google.com.hk,1099798174
109,Gerta,Curston,gcurston30@hao123.com,9088956994
110,Clarita,Nortunen,cnortunen31@twitter.com,2254923894
111,Regine,Dilleston,rdilleston32@multiply.com,7503212948
112,Rorke,Dene,rdene33@youtube.com,4471000524
113,Leif,Poundford,lpoundford34@bing.com,9187719945
114,Agatha,Bennallck,abennallck35@mozilla.com,3655177096
115,Maxy,De Biasio,mdebiasio36@goo.ne.jp,9298304008
116,Zaneta,Jira,zjira37@csmonitor.com,1726424451
117,Rozella,Emmett,remmett38@imageshack.us,9148300860
118,Gregg,Bloxland,gbloxland39@reuters.com,1047820547
119,Farica,Didsbury,fdidsbury3a@wordpress.org,3947721464
120,Jeramey,Setchell,jsetchell3b@engadget.com,1112576054
121,Ashia,Astley,aastley3c@narod.ru,4573774854
122,Tobiah,Yeskin,tyeskin3d@washingtonpost.com,1295288723
123,Cecily,Deavin,cdeavin3e@answers.com,6337202191
124,Juanita,Shingles,jshingles3f@xinhuanet.com,9221394969
125,Payton,Willingham,pwillingham3g@rakuten.co.jp,4411135638
126,Jone,Englishby,jenglishby3h@nationalgeographic.com,7661028168
127,Rubin,Di Franceshci,rdifranceshci3i@pinterest.com,1754615520
128,Elnore,Bride,ebride3j@nhs.uk,9167056363
129,Norry,Maruska,nmaruska3k@furl.net,1519248633
130,Wade,Lackey,wlackey3l@1688.com,7934014803
131,Juliana,Greenhowe,jgreenhowe3m@google.nl,1409759598
132,Gail,Lettuce,glettuce3n@typepad.com,6927300947
133,Tabby,Gimeno,tgimeno3o@about.com,9807450643
134,Xylia,Skerme,xskerme3p@shareasale.com,6436329884
135,Wilfrid,Stovine,wstovine3q@smugmug.com,4655551419
136,Karoline,Magauran,kmagauran3r@mlb.com,3267451520
137,Allene,Beastall,abeastall3s@gmpg.org,9037552675
138,Lynna,FitzGilbert,lfitzgilbert3t@opensource.org,7662326276
139,Darda,Britian,dbritian3u@theguardian.com,3453719891
140,Briny,Kochel,bkochel3v@ocn.ne.jp,8545474330
141,Sherwood,Kerr,skerr3w@booking.com,6147685737
142,Moreen,Donnel,mdonnel3x@utexas.edu,3007079983
143,Taddeusz,Dannell,tdannell3y@dropbox.com,4983799570
144,Gabriell,Lauthian,glauthian3z@reuters.com,7089206375
145,Barbra,Broadley,bbroadley40@businessweek.com,2405658588
146,Florance,Wordsworth,fwordsworth41@tiny.cc,1832497255
147,Carmelle,Ceccoli,cceccoli42@jimdo.com,8328956607
148,Martyn,McKeney,mmckeney43@freewebs.com,4719806305
149,Ingar,Minty,iminty44@npr.org,2033002929
150,Casper,Beviss,cbeviss45@ehow.com,8198440386
151,Evelyn,Ducker,educker46@myspace.com,5347142581
152,Winnie,Boultwood,wboultwood47@amazon.co.jp,9272042998
153,Terrance,Kendal,tkendal48@amazon.com,8064403453
154,Kellina,Osgood,kosgood49@cargocollective.com,3681219364
155,Arthur,Racher,aracher4a@abc.net.au,8998435694
156,Dael,Dabrowski,ddabrowski4b@seattletimes.com,7557903265
157,Cyb,McGeaney,cmcgeaney4c@elpais.com,4896829654
158,Gram,Nend,gnend4d@ezinearticles.com,9807628456
159,Winona,Atterley,watterley4e@yale.edu,4087600223
160,Malorie,Dmytryk,mdmytryk4f@yellowpages.com,8317214474
161,Lancelot,Drinnan,ldrinnan4g@spiegel.de,3228400163
162,Mikel,Stanex,mstanex4h@liveinternet.ru,7213681538
163,Yehudit,Boundy,yboundy4i@woothemes.com,1443250972
164,Alli,Boddymead,aboddymead4j@goodreads.com,8961710227
165,Gizela,Tod,gtod4k@go.com,3675012303
166,Kizzie,Challener,kchallener4l@businessweek.com,2705531704
167,Allene,Lathom,alathom4m@ucsd.edu,9144484816
168,Verile,Maier,vmaier4n@ifeng.com,7138379200
169,Merl,Wauchope,mwauchope4o@youtu.be,3752431331
170,Hendrik,Carcass,hcarcass4p@artisteer.com,9817646230
171,Chrissy,Sapseed,csapseed4q@rakuten.co.jp,8974993530
172,Mitch,Fenn,mfenn4r@businesswire.com,8322191205
173,Sax,Waeland,swaeland4s@unblog.fr,1951730496
174,Matthiew,Calabry,mcalabry4t@posterous.com,9162798346
175,Ashla,Mounsie,amounsie4u@yahoo.com,3289219872
176,Obadias,Foystone,ofoystone4v@nifty.com,6922480357
177,Beaufort,Omar,bomar4w@gravatar.com,6334522886
178,Allene,Mitford,amitford4x@dot.gov,7389065565
179,Simona,Hedgecock,shedgecock4y@google.com.br,9678348353
180,Cletis,Seager,cseager4z@comcast.net,8284664127
181,Felicity,Bartens,fbartens50@opensource.org,8408610462
182,Denver,Asling,dasling51@nyu.edu,1103813602
183,Hatty,Ravilus,hravilus52@examiner.com,7764419328
184,Dorotea,Verdy,dverdy53@slashdot.org,7736426678
185,Ainslee,Gravey,agravey54@facebook.com,8356943123
186,Richmond,Isabell,risabell55@forbes.com,7812892773
187,Sophia,Lagen,slagen56@mashable.com,7657834564
188,Evangelin,Le Sieur,elesieur57@i2i.jp,7122102058
189,Cindie,Dik,cdik58@ca.gov,1565304786
190,Arnuad,Doggerell,adoggerell59@vinaora.com,2279837701
191,Ondrea,Hans,ohans5a@symantec.com,6121673562
192,Evie,Millin,emillin5b@163.com,5475234910
193,Mose,Durber,mdurber5c@ycombinator.com,8504924962
194,Raina,Fleay,rfleay5d@exblog.jp,2226832671
195,Sianna,Tinman,stinman5e@newyorker.com,8496061055
196,Miriam,Blaxlande,mblaxlande5f@seesaa.net,2023946548
197,Fernande,Jakoubek,fjakoubek5g@virginia.edu,5992687168
198,Brittan,Mansel,bmansel5h@opera.com,6428907877
199,Archibaldo,Tarzey,atarzey5i@simplemachines.org,8507568943
200,Ursula,Labbett,ulabbett5j@barnesandnoble.com,3669443268
201,Efren,Pettegree,epettegree5k@shareasale.com,1142030822
202,Rhodia,Kliemann,rkliemann5l@people.com.cn,2745556966
203,Gerrilee,Cavilla,gcavilla5m@arizona.edu,8379923012
204,Nadya,Bendtsen,nbendtsen5n@t.co,5115457210
205,Lise,Meader,lmeader5o@1688.com,6175310072
206,Delmore,O'Donohue,dodonohue5p@unesco.org,7559835836
207,Leena,Duxbury,lduxbury5q@photobucket.com,3169981247
208,Mariel,Dorin,mdorin5r@linkedin.com,2533190932
209,Saul,Dorro,sdorro5s@illinois.edu,9086949495
210,Dehlia,Challiner,dchalliner5t@edublogs.org,2144017131
211,Ketty,Zeale,kzeale5u@fastcompany.com,6378582522
212,Aubert,Griswaite,agriswaite5v@harvard.edu,3565897777
213,Zorah,Morison,zmorison5w@123-reg.co.uk,7553589542
214,Justinn,Bradford,jbradford5x@wunderground.com,4294504129
215,Kassi,King,kking5y@jalbum.net,7033318115
216,Urbain,Reah,ureah5z@independent.co.uk,8486532655
217,Natale,Seaborne,nseaborne60@skyrock.com,5969347085
218,Wendeline,Steet,wsteet61@un.org,5479600953
219,Seward,Kibbel,skibbel62@google.com.br,3898905651
220,Rene,Camacke,rcamacke63@hibu.com,4325951686
221,Jakie,Emps,jemps64@uiuc.edu,2454184885
222,Sapphira,Ragge,sragge65@4shared.com,3909736207
223,Desirae,Mandy,dmandy66@icq.com,5154187337
224,Winn,Cloney,wcloney67@walmart.com,9718585659
225,Junia,Kester,jkester68@i2i.jp,4771851791
226,Clemmy,Whewell,cwhewell69@opensource.org,8491977582
227,Nonah,Hounsome,nhounsome6a@nationalgeographic.com,9095616096
228,Hugo,Kermode,hkermode6b@instagram.com,4618429442
229,Ines,Swansborough,iswansborough6c@timesonline.co.uk,2547839859
230,Flora,Devenport,fdevenport6d@eepurl.com,9418007628
231,Hussein,Simonazzi,hsimonazzi6e@wikimedia.org,1938606524
232,Winnie,Huckerbe,whuckerbe6f@newsvine.com,6207186742
233,Linus,Perrett,lperrett6g@goo.ne.jp,6173260366
234,Lenna,Langsbury,llangsbury6h@simplemachines.org,7823605975
235,Anna-diane,Basketfield,abasketfield6i@t.co,9966340074
236,Purcell,Westhead,pwesthead6j@squarespace.com,7218240769
237,Mamie,Craigg,mcraigg6k@ovh.net,3278047162
238,Nanice,Yurkin,nyurkin6l@illinois.edu,7098804305
239,Enos,Bilyard,ebilyard6m@1und1.de,9184717741
240,Althea,Portman,aportman6n@elpais.com,4008370159
241,Nikkie,Cush,ncush6o@forbes.com,8782224184
242,Gayleen,Maasze,gmaasze6p@time.com,5516817597
243,Dorey,Emerton,demerton6q@friendfeed.com,4977695851
244,Murvyn,Duval,mduval6r@webmd.com,7014470050
245,Egor,Meggison,emeggison6s@yolasite.com,5694180535
246,Bette-ann,Armstrong,barmstrong6t@cnet.com,2432643602
247,Thurston,Nisby,tnisby6u@europa.eu,5245134892
248,Bessy,Bloomfield,bbloomfield6v@adobe.com,1431725684
249,Alysia,Millward,amillward6w@hubpages.com,4236950642
250,Callida,Dart,cdart6x@nyu.edu,7167942890
251,Riannon,Adshead,radshead6y@netlog.com,9187167310
252,Janeen,Le Noir,jlenoir6z@tmall.com,3319934380
253,Marci,Burberye,mburberye70@engadget.com,6051856844
254,Raquel,McCreery,rmccreery71@unesco.org,3655484156
255,Aldwin,Jedrzejkiewicz,ajedrzejkiewicz72@elegantthemes.com,9705740127
256,Stella,Pitway,spitway73@smh.com.au,4361950631
257,Amalea,Mellsop,amellsop74@amazon.co.uk,8833020234
258,Laurie,Balk,lbalk75@narod.ru,6333290968
259,Kerwin,Hundey,khundey76@myspace.com,4318959659
260,Mano,Broszkiewicz,mbroszkiewicz77@so-net.ne.jp,4633446167
261,Ardra,Montfort,amontfort78@arizona.edu,1812265529
262,Jens,Burcombe,jburcombe79@surveymonkey.com,8148024026
263,Dill,Graundisson,dgraundisson7a@ebay.com,1638470804
264,Randene,Fazackerley,rfazackerley7b@devhub.com,4256514309
265,Royal,Folger,rfolger7c@nifty.com,1407631103
266,Galina,Golt,ggolt7d@upenn.edu,5157407386
267,Connie,Sneyd,csneyd7e@marriott.com,7454785864
268,Verene,Sellar,vsellar7f@mozilla.org,6282384564
269,Byron,Sambles,bsambles7g@comsenz.com,9365382187
270,Modesta,Cutforth,mcutforth7h@kickstarter.com,5358162253
271,Isidoro,Butt Gow,ibuttgow7i@illinois.edu,5236980569
272,Alonso,Dellenbroker,adellenbroker7j@un.org,1221368185
273,Kirbee,Eicheler,keicheler7k@liveinternet.ru,7822579020
274,Eulalie,Darcy,edarcy7l@sogou.com,2673484895
275,Nikoletta,Ismay,nismay7m@ehow.com,4422503397
276,Tadd,Eagles,teagles7n@hud.gov,5604152455
277,Tudor,Llewellen,tllewellen7o@feedburner.com,9265800663
278,Ysabel,Norrie,ynorrie7p@howstuffworks.com,2551151335
279,Ashleigh,Wase,awase7q@oaic.gov.au,8662115904
280,Blondell,Muscott,bmuscott7r@abc.net.au,9908901825
281,Em,Broodes,ebroodes7s@booking.com,5233962823
282,Sophie,MacTrustram,smactrustram7t@mtv.com,2469580590
283,Kelcy,Jorden,kjorden7u@aboutads.info,4421855948
284,Jania,Jerrans,jjerrans7v@epa.gov,2284551162
285,Euphemia,Lermit,elermit7w@amazon.co.jp,1267007508
286,Helsa,Babbs,hbabbs7x@addthis.com,6809936162
287,Maryrose,Arnoult,marnoult7y@ning.com,2224305000
288,Barbette,Hanse,bhanse7z@cnbc.com,5826818534
289,Natalie,Lyven,nlyven80@plala.or.jp,6382248915
290,Janean,Eyam,jeyam81@delicious.com,4321758430
291,Clementina,Rapps,crapps82@wufoo.com,1792810256
292,Kaile,Bartusek,kbartusek83@qq.com,7205584556
293,Augy,Yacob,ayacob84@spotify.com,4691710007
294,Urbano,Crosser,ucrosser85@deviantart.com,4183537277
295,Misha,Doag,mdoag86@theglobeandmail.com,5194523077
296,Kanya,Branchet,kbranchet87@un.org,1423786667
297,Ave,Manicom,amanicom88@webmd.com,3199659983
298,Judi,Mallindine,jmallindine89@army.mil,8032418176
299,Judi,Bridger,jbridger8a@sogou.com,2666044868
300,Veronika,Shervil,vshervil8b@msu.edu,9444133254
301,Miller,Mityakov,mmityakov8c@live.com,9802681689
302,Pru,Tully,ptully8d@bloomberg.com,4083311458
303,Geneva,Erskine Sandys,gerskinesandys8e@barnesandnoble.com,5535303555
304,Ros,John,rjohn8f@merriam-webster.com,5798658586
305,Ellsworth,Wheble,ewheble8g@weebly.com,7481738893
306,Lock,Rigney,lrigney8h@cnet.com,7263327296
307,Mira,Le Fevre,mlefevre8i@goo.ne.jp,4499992418
308,Heindrick,Sellner,hsellner8j@dyndns.org,2824926363
309,Chantal,Chateau,cchateau8k@ebay.com,2115902442
310,Tedra,Binney,tbinney8l@chicagotribune.com,4698265438
311,Othello,Hordle,ohordle8m@list-manage.com,9952562737
312,Brunhilda,Allender,ballender8n@vimeo.com,5221456303
313,Winona,Sandars,wsandars8o@sohu.com,3185091826
314,Romeo,Duffyn,rduffyn8p@comcast.net,7587615575
315,Marieann,Parnell,mparnell8q@lulu.com,8735199458
316,Onfre,Keig,okeig8r@sohu.com,5516536024
317,Retha,Koppen,rkoppen8s@pbs.org,3174020640
318,Cortney,Dreghorn,cdreghorn8t@imdb.com,2753101294
319,Letta,Hupe,lhupe8u@ox.ac.uk,8053492944
320,Nickolas,Benson,nbenson8v@telegraph.co.uk,1793035941
321,Penny,Bartlomiejczyk,pbartlomiejczyk8w@freewebs.com,8435663566
322,Kiley,Clingan,kclingan8x@typepad.com,4424397929
323,Cordy,Helsdon,chelsdon8y@xinhuanet.com,2895956460
324,Jeniece,Whitsun,jwhitsun8z@csmonitor.com,3965123746
325,Felice,Arpe,farpe90@mlb.com,7694288879
326,Shel,Lievesley,slievesley91@howstuffworks.com,8576184909
327,Dionis,De Bruijn,ddebruijn92@zimbio.com,1426609361
328,Abbie,Mulvany,amulvany93@businessinsider.com,4014987617
329,Sarajane,Langdon,slangdon94@naver.com,2922849373
330,Renata,Duffer,rduffer95@stanford.edu,2859437916
331,Austen,Benny,abenny96@lulu.com,7192222066
332,Josephine,Donnan,jdonnan97@weebly.com,1115785756
333,Ruthe,Myhan,rmyhan98@narod.ru,7183824826
334,Neill,Dene,ndene99@mail.ru,6423713046
335,Beck,Weson,bweson9a@livejournal.com,6968961867
336,Stanislaus,Dreher,sdreher9b@moonfruit.com,8854143225
337,Nikolia,Lansley,nlansley9c@amazon.de,7075659221
338,Isidor,Woolford,iwoolford9d@microsoft.com,7046480729
339,Noelani,Hartridge,nhartridge9e@ihg.com,7423314728
340,Carlie,Dumbleton,cdumbleton9f@nifty.com,8277100616
341,Estell,Blenkensop,eblenkensop9g@lulu.com,6678237307
342,Wolfie,Gurney,wgurney9h@jugem.jp,4328993189
343,Crysta,Collingdon,ccollingdon9i@sfgate.com,2442646510
344,Adelina,Massel,amassel9j@pagesperso-orange.fr,7544079076
345,Kin,Haimes,khaimes9k@whitehouse.gov,9379262897
346,Augie,Klimkowski,aklimkowski9l@springer.com,9547938738
347,Barnett,Westgarth,bwestgarth9m@joomla.org,9893358483
348,Cammi,Pepperrall,cpepperrall9n@scientificamerican.com,2087003269
349,Constance,Hearons,chearons9o@mapquest.com,6461338664
350,Mariya,Gosling,mgosling9p@dion.ne.jp,5733519921
351,Anabel,Kilmurry,akilmurry9q@shinystat.com,7018364254
352,Cassaundra,Cutmore,ccutmore9r@bloomberg.com,2475428822
353,Rockwell,Blunt,rblunt9s@mayoclinic.com,6674529919
354,Elmira,Hudspeth,ehudspeth9t@imageshack.us,4837176503
355,Eloisa,Demer,edemer9u@princeton.edu,5011243871
356,Lauryn,Castaignet,lcastaignet9v@ox.ac.uk,1187121254
357,Frannie,Lathleiffure,flathleiffure9w@1und1.de,1848052869
358,Bordy,Scorey,bscorey9x@dropbox.com,7603247116
359,Belvia,Cholwell,bcholwell9y@behance.net,8984062077
360,Nonnah,Sage,nsage9z@jigsy.com,7032530213
361,Avram,Bachs,abachsa0@microsoft.com,4167619678
362,Wendie,Ockleshaw,wockleshawa1@sfgate.com,3556833720
363,Adelle,Yegorshin,ayegorshina2@wisc.edu,2666918354
364,Andrej,Brelsford,abrelsforda3@networksolutions.com,8079826767
365,Casey,Danielsky,cdanielskya4@nhs.uk,8047039481
366,Nydia,Mayte,nmaytea5@npr.org,9922356844
367,Isaiah,Gyorgy,igyorgya6@google.de,8586164405
368,Raina,Epgrave,repgravea7@samsung.com,6376690290
369,Paco,Trueman,ptruemana8@samsung.com,5234100098
370,Andris,Southerton,asouthertona9@businesswire.com,4549853341
371,Caterina,Lorrain,clorrainaa@psu.edu,3794654619
372,Reinhard,Headford,rheadfordab@weebly.com,6058351717
373,Terry,Benbough,tbenboughac@cyberchimps.com,1221044853
374,Roxana,Arsmith,rarsmithad@instagram.com,3773072334
375,Keslie,Le Conte,kleconteae@unblog.fr,9772923180
376,Dorothy,Matchett,dmatchettaf@ezinearticles.com,5045174542
377,Regine,McWhannel,rmcwhannelag@odnoklassniki.ru,4672313016
378,Welsh,Painswick,wpainswickah@amazon.co.uk,9584474946
379,Gabriello,Wiggam,gwiggamai@hao123.com,8268193744
380,Briny,O'Feeny,bofeenyaj@360.cn,7719140403
381,Cori,Mallall,cmallallak@dell.com,2759009681
382,Tan,Cayford,tcayfordal@homestead.com,8892528400
383,Kermie,Loadman,kloadmanam@godaddy.com,6235570231
384,Niven,Gianelli,ngianellian@phpbb.com,7346496583
385,Elfreda,Sueter,esueterao@joomla.org,5798393846
386,Haroun,Haig,hhaigap@slate.com,8769127188
387,Humberto,Gow,hgowaq@google.co.uk,7015211240
388,Edi,Vashchenko,evashchenkoar@amazon.co.uk,7121805656
389,Donni,Wisson,dwissonas@nationalgeographic.com,9247986876
390,Aldous,Flude,afludeat@bing.com,6042234627
391,Hillard,Bickford,hbickfordau@omniture.com,1829511379
392,Lucilia,Elderbrant,lelderbrantav@mail.ru,6764557312
393,Silvana,Hakking,shakkingaw@odnoklassniki.ru,9078797604
394,Bastian,Heap,bheapax@blinklist.com,6228901972
395,Maitilde,Revitt,mrevittay@ucsd.edu,9756686807
396,Noella,Waiting,nwaitingaz@booking.com,5644055048
397,Leeland,Widocks,lwidocksb0@1und1.de,5451425393
398,Gilemette,Botger,gbotgerb1@bluehost.com,6776252985
399,Georgianne,Trevallion,gtrevallionb2@icq.com,5078606167
400,Budd,Rakestraw,brakestrawb3@creativecommons.org,7156885920
401,Ari,Cherrington,acherringtonb4@hao123.com,5619088262
402,Flossi,Maginn,fmaginnb5@163.com,2565367746
403,Maggy,Search,msearchb6@blinklist.com,9753717780
404,Charis,Bartoszek,cbartoszekb7@naver.com,4354404805
405,Star,Levi,slevib8@dyndns.org,7908930624
406,Aldon,Chern,achernb9@cafepress.com,1177043633
407,Roch,Cicchetto,rcicchettoba@bigcartel.com,7471797318
408,Lorita,Shillabeer,lshillabeerbb@t-online.de,3087573967
409,Devan,Rosen,drosenbc@last.fm,7434755240
410,Boot,Gwatkins,bgwatkinsbd@liveinternet.ru,9018726346
411,Kliment,Paulack,kpaulackbe@google.es,5224110437
412,Sibylla,Domnin,sdomninbf@answers.com,8445116268
413,Ahmed,Dugan,aduganbg@independent.co.uk,4498051741
414,Juana,Gudahy,jgudahybh@cyberchimps.com,6424687834
415,Sherry,Menary,smenarybi@dot.gov,6883721619
416,Jabez,Erickson,jericksonbj@answers.com,5971652984
417,Theresita,Thebeau,tthebeaubk@sfgate.com,8179748091
418,Jemmy,Ferreira,jferreirabl@microsoft.com,8998172921
419,Tally,Gerriets,tgerrietsbm@usnews.com,7358335858
420,Kristien,Meneghi,kmeneghibn@amazon.co.uk,6521211500
421,Ganny,McInulty,gmcinultybo@xrea.com,4332418532
422,Ezmeralda,Gurner,egurnerbp@ed.gov,7528462246
423,Dominick,Reynalds,dreynaldsbq@cloudflare.com,6196608202
424,Laurene,Bartolijn,lbartolijnbr@mozilla.org,9616085145
425,Pia,Vertigan,pvertiganbs@columbia.edu,6854819417
426,Amerigo,Chittock,achittockbt@yelp.com,6067464069
427,Fancy,MacGoun,fmacgounbu@shutterfly.com,6362062624
428,Laurie,Ashwell,lashwellbv@gravatar.com,7045473111
429,Lauryn,Gusticke,lgustickebw@spotify.com,1795934826
430,Francklyn,Miko,fmikobx@tripadvisor.com,1366500787
431,Siward,Frankema,sfrankemaby@vk.com,8959140402
432,Nita,Kenson,nkensonbz@weebly.com,7495142453
433,Lisbeth,Lundie,llundiec0@businesswire.com,4953419615
434,Livvie,Deshorts,ldeshortsc1@fda.gov,5141301115
435,Eliza,Dowley,edowleyc2@dailymail.co.uk,3061513368
436,Lucas,Szymanowicz,lszymanowiczc3@java.com,4271496672
437,Bill,Osboldstone,bosboldstonec4@goo.gl,4301994879
438,Henrieta,Michurin,hmichurinc5@elpais.com,8417677533
439,Mead,Beuscher,mbeuscherc6@imageshack.us,3068358669
440,Almeda,Cubberley,acubberleyc7@godaddy.com,4756204476
441,Auria,Goodbody,agoodbodyc8@networkadvertising.org,7523422567
442,Roxine,Blazy,rblazyc9@nps.gov,9576533122
443,Christin,Biner,cbinerca@techcrunch.com,4525293377
444,Augustus,Prozescky,aprozesckycb@miitbeian.gov.cn,2435996450
445,Ragnar,Keoghane,rkeoghanecc@nasa.gov,6341673198
446,Casandra,MacKeig,cmackeigcd@facebook.com,4615466772
447,Geoffry,Bente,gbentece@omniture.com,8551032307
448,Fulvia,Runcie,frunciecf@drupal.org,6376950864
449,Brockie,Shields,bshieldscg@who.int,5986514427
450,Lethia,Kerne,lkernech@unesco.org,3263647436
451,Henri,McGrady,hmcgradyci@zimbio.com,9434775424
452,Chandal,Sellack,csellackcj@dmoz.org,5802976228
453,Lynnett,Rebillard,lrebillardck@who.int,3312734006
454,Virgie,Annes,vannescl@vistaprint.com,3032109882
455,Clara,Valentelli,cvalentellicm@opensource.org,8118943746
456,Griffy,Boston,gbostoncn@cpanel.net,1712290019
457,Maure,Mattingson,mmattingsonco@elegantthemes.com,7595404742
458,Stillmann,Demann,sdemanncp@wix.com,1608751843
459,Hanan,Dossettor,hdossettorcq@php.net,9361046473
460,Hetti,Bill,hbillcr@sitemeter.com,8037557917
461,Kaylil,Antyukhin,kantyukhincs@angelfire.com,5472759375
462,Robby,Featherstonhaugh,rfeatherstonhaughct@independent.co.uk,9334239757
463,Rodge,Pointing,rpointingcu@chicagotribune.com,2768021438
464,Gage,Ogle,goglecv@mozilla.org,7681848050
465,Rivalee,Warby,rwarbycw@so-net.ne.jp,5552509736
466,Brooks,Carlino,bcarlinocx@ebay.com,7411707446
467,Delmar,Caughan,dcaughancy@netlog.com,2637523956
468,Barbi,Gibbins,bgibbinscz@ehow.com,5392798434
469,Belvia,Crosi,bcrosid0@msu.edu,9831467923
470,Ilaire,Melonby,imelonbyd1@qq.com,8625600070
471,Barclay,Cullerne,bcullerned2@who.int,3509000326
472,Edmund,Calcutt,ecalcuttd3@redcross.org,6321271152
473,Chaim,Ughelli,cughellid4@intel.com,4255485056
474,Roi,Ellerker,rellerkerd5@moonfruit.com,4634336691
475,Querida,Matiasek,qmatiasekd6@economist.com,4619771933
476,Denis,Elstub,delstubd7@opera.com,1164302287
477,Sallyann,Sebastian,ssebastiand8@twitpic.com,6207663852
478,Andres,Rickersey,arickerseyd9@prnewswire.com,1488165123
479,Dorothee,Chatainier,dchatainierda@studiopress.com,6074886974
480,Nathalia,Rove,nrovedb@networksolutions.com,8868455396
481,Domenic,Swaffield,dswaffielddc@prweb.com,4451816993
482,Beitris,Price,bpricedd@discovery.com,9284709265
483,Juli,Chidwick,jchidwickde@bbc.co.uk,5709318285
484,Oswald,Fouch,ofouchdf@fastcompany.com,1509308002
485,Jessika,Rumens,jrumensdg@over-blog.com,9583486255
486,Merell,Itzkowicz,mitzkowiczdh@cloudflare.com,2179963370
487,Annabal,Whyffen,awhyffendi@bigcartel.com,1439706314
488,Trever,Van der Brugge,tvanderbruggedj@sfgate.com,1691106059
489,Catherina,Casetti,ccasettidk@usnews.com,7708211464
490,Brandie,Hurrell,bhurrelldl@tuttocitta.it,7439613515
491,Joella,Aldrin,jaldrindm@paypal.com,5747153426
492,Brade,Bianco,bbiancodn@wikipedia.org,7587671018
493,Florentia,Northleigh,fnorthleighdo@rakuten.co.jp,1229217892
494,Aharon,Tavinor,atavinordp@samsung.com,9278290383
495,Brina,Smallridge,bsmallridgedq@blinklist.com,9277086320
496,Ammamaria,Segges,aseggesdr@cdc.gov,1142470396
497,Keary,Deely,kdeelyds@house.gov,6053309448
498,Kettie,McClunaghan,kmcclunaghandt@mlb.com,3923759916
499,Afton,Najera,anajeradu@fc2.com,1673498689
500,Nils,Ivens,nivensdv@xinhuanet.com,4012198065
501,Selinda,Masdon,smasdondw@edublogs.org,1465259819
502,Curt,Patman,cpatmandx@google.es,4292298451
503,Delmer,Chetwin,dchetwindy@indiegogo.com,7604658927
504,Paola,Duesbury,pduesburydz@wired.com,6652494699
505,Nelle,Faraker,nfarakere0@ca.gov,3419179458
506,Northrop,Ferrarello,nferrarelloe1@skyrock.com,6103583896
507,Vere,Scurlock,vscurlocke2@google.co.uk,6015809304
508,Emilie,Toovey,etooveye3@gizmodo.com,6705342445
509,Cris,Gleeson,cgleesone4@bandcamp.com,4642090838
510,Estelle,Epinoy,eepinoye5@senate.gov,9108039600
511,Vallie,Webb-Bowen,vwebbbowene6@constantcontact.com,7361922441
512,Tades,Ironmonger,tironmongere7@loc.gov,5561129071
513,Marcellus,McConachie,mmcconachiee8@prlog.org,1856318537
514,Redford,Jamson,rjamsone9@dailymail.co.uk,7638707199
515,Madalena,Gorriessen,mgorriessenea@google.nl,5917626414
516,Beck,Mingotti,bmingottieb@sourceforge.net,8119946205
517,Waylen,Dragon,wdragonec@yale.edu,4312876228
518,Karlee,Masterton,kmastertoned@independent.co.uk,6798808291
519,Katrinka,Ferriby,kferribyee@1und1.de,2229094895
520,Isabeau,Capehorn,icapehornef@blogger.com,5821718880
521,Agosto,Kuschek,akuschekeg@japanpost.jp,8674871988
522,Armin,Janecki,ajaneckieh@gizmodo.com,9188618018
523,Iseabal,Pocklington,ipocklingtonei@upenn.edu,9821441491
524,Ed,Martschke,emartschkeej@istockphoto.com,1877580683
525,Briggs,Wyrill,bwyrillek@nydailynews.com,2618026572
526,Keeley,Borless,kborlessel@amazon.com,3918142903
527,Sigmund,Zoppie,szoppieem@constantcontact.com,3531135779
528,Thibaut,Epilet,tepileten@cloudflare.com,6952626417
529,Franklyn,Brandenberg,fbrandenbergeo@g.co,7161212193
530,Joya,Martino,jmartinoep@uiuc.edu,4496088301
531,Reggie,Krolle,rkrolleeq@dedecms.com,3036740927
532,Gaston,Loveitt,gloveitter@unc.edu,2419185012
533,Dulcinea,Stooders,dstooderses@jiathis.com,5697276733
534,Annelise,Curd,acurdet@1und1.de,5759667055
535,Ursuline,Brennenstuhl,ubrennenstuhleu@hp.com,1825494862
536,Amelita,Clayhill,aclayhillev@freewebs.com,7532063333
537,Cherey,Ackroyd,cackroydew@tripadvisor.com,3677218564
538,Bibbie,Gravenor,bgravenorex@cisco.com,3335556817
539,Vicky,Bramford,vbramfordey@nifty.com,3766313880
540,Ethan,Taffee,etaffeeez@paypal.com,2915746314
541,Mable,Muddicliffe,mmuddicliffef0@google.com.hk,3296156093
542,Ryley,Danick,rdanickf1@craigslist.org,3634089522
543,Hugues,Whilde,hwhildef2@hexun.com,2952469589
544,Ericka,Zmitrovich,ezmitrovichf3@yolasite.com,4141668797
545,Esta,Soldner,esoldnerf4@engadget.com,4664081017
546,Vyky,Montel,vmontelf5@list-manage.com,6212858030
547,Burlie,Challiss,bchallissf6@bing.com,3065772972
548,Dita,Parrington,dparringtonf7@ovh.net,4844890803
549,Nahum,Terbeek,nterbeekf8@hubpages.com,9327438926
550,Shoshana,Phateplace,sphateplacef9@zdnet.com,4553946338
551,Bee,Jindrak,bjindrakfa@google.nl,7104347197
552,Nonna,Isard,nisardfb@sohu.com,9802345694
553,Rufe,Bengochea,rbengocheafc@discovery.com,9419384580
554,Bernard,Benyan,bbenyanfd@jalbum.net,8065463935
555,Issiah,Plaid,iplaidfe@plala.or.jp,4689803083
556,Devin,Beckers,dbeckersff@cmu.edu,7127360341
557,Christie,McTague,cmctaguefg@loc.gov,6717157789
558,Angie,Axelby,aaxelbyfh@wordpress.com,2328386638
559,Perri,Ferrotti,pferrottifi@nature.com,5817650632
560,Othilie,Marchington,omarchingtonfj@home.pl,4493111862
561,Amber,Coper,acoperfk@yelp.com,6594198587
562,Stephine,Howison,showisonfl@netvibes.com,1612428607
563,Delbert,O' Molan,domolanfm@photobucket.com,4301665244
564,Billie,Yerborn,byerbornfn@so-net.ne.jp,9549999144
565,Ignatius,Bene,ibenefo@japanpost.jp,1972030775
566,Bob,Wigan,bwiganfp@hp.com,7446728329
567,Brittney,Forsbey,bforsbeyfq@behance.net,9739130159
568,Giorgi,Goutcher,ggoutcherfr@merriam-webster.com,1478329681
569,Klara,Aggus,kaggusfs@ft.com,9663310580
570,Rolland,Phillott,rphillottft@vk.com,7095483488
571,Kory,Antonik,kantonikfu@yelp.com,6591632803
572,Leicester,Kidson,lkidsonfv@arstechnica.com,5094980069
573,Lorrin,Hebden,lhebdenfw@wired.com,3617146980
574,Alejoa,Etoile,aetoilefx@chronoengine.com,5037315364
575,Bertie,Richings,brichingsfy@youtube.com,6363522437
576,Farlie,Chichgar,fchichgarfz@marketwatch.com,7561624170
577,Jasper,Prodrick,jprodrickg0@flavors.me,4589434269
578,Lavinia,Housego,lhousegog1@vistaprint.com,4496207250
579,Arnold,Loosely,alooselyg2@amazon.de,8507863704
580,Todd,Follit,tfollitg3@weather.com,9507211152
581,Sephira,Maxwell,smaxwellg4@google.com.au,3753670449
582,Grace,Blackbourn,gblackbourng5@mail.ru,3819830233
583,Alexandro,Danelutti,adaneluttig6@va.gov,1949401253
584,Arlyn,Hannent,ahannentg7@netlog.com,1847503411
585,Gian,Reedshaw,greedshawg8@people.com.cn,2644424076
586,Arnoldo,Roughey,arougheyg9@de.vu,4255409114
587,Maurizia,Quaintance,mquaintancega@elegantthemes.com,5304556947
588,Taylor,Sikorski,tsikorskigb@europa.eu,5406719721
589,Becki,Doxey,bdoxeygc@utexas.edu,2454760791
590,Marius,Jeanin,mjeaningd@sina.com.cn,7712872268
591,Pippo,Scargill,pscargillge@freewebs.com,4163287300
592,Berta,Pittendreigh,bpittendreighgf@netvibes.com,1506184247
593,Alena,Beynon,abeynongg@msu.edu,4401107809
594,Kendricks,Sreenan,ksreenangh@shinystat.com,2068218678
595,Deva,Robjant,drobjantgi@blogs.com,1336041295
596,Gerrilee,Yushachkov,gyushachkovgj@wikipedia.org,5623928253
597,Howard,Rankmore,hrankmoregk@google.com.hk,9959125197
598,Etta,Lau,elaugl@storify.com,3799447516
599,Hermia,Rangeley,hrangeleygm@loc.gov,2578397818
600,Laurence,Trowel,ltrowelgn@trellian.com,4596231633
601,Kendra,Croydon,kcroydongo@rediff.com,3386084951
602,Blane,Deschlein,bdeschleingp@icio.us,4215884445
603,Hoebart,Antonovic,hantonovicgq@163.com,3773419921
604,Chicky,Hallbord,challbordgr@rambler.ru,2059706639
605,Rosella,Cottingham,rcottinghamgs@yahoo.com,8733046409
606,Debra,Crosoer,dcrosoergt@macromedia.com,9817779332
607,Lyndy,Gadney,lgadneygu@freewebs.com,5358342331
608,Brok,Toolin,btoolingv@w3.org,4841847001
609,Daisie,Westley,dwestleygw@vistaprint.com,4743257394
610,Orran,Hasard,ohasardgx@etsy.com,9827410798
611,Aurora,McKague,amckaguegy@fema.gov,1175767357
612,Amandie,Leverington,aleveringtongz@loc.gov,1516458415
613,Sella,Jacob,sjacobh0@amazon.co.uk,8159551288
614,Fayette,Marcinkus,fmarcinkush1@google.com.br,6602059718
615,Harlin,Vallantine,hvallantineh2@auda.org.au,9941201721
616,Shepperd,Shortall,sshortallh3@bizjournals.com,5135112715
617,Meryl,Batcheldor,mbatcheldorh4@aol.com,7587770155
618,Raphael,Beven,rbevenh5@ocn.ne.jp,7375727442
619,Alic,Oakwood,aoakwoodh6@home.pl,2106611809
620,Ardene,Wharmby,awharmbyh7@a8.net,4009227320
621,Christel,Bridgestock,cbridgestockh8@google.es,2648865394
622,Lishe,Du Barry,ldubarryh9@addtoany.com,8681979086
623,Sena,Lindenstrauss,slindenstraussha@europa.eu,2629197584
624,Skye,Titcomb,stitcombhb@google.ru,2691905822
625,Manuel,Bebis,mbebishc@sphinn.com,9195827086
626,Flin,Cull,fcullhd@home.pl,1727652353
627,Jillie,Edgin,jedginhe@is.gd,3872548315
628,Nikola,Frankling,nfranklinghf@apple.com,1523580291
629,Svend,Girkins,sgirkinshg@geocities.jp,1089279455
630,Tanhya,Cameron,tcameronhh@senate.gov,9726785199
631,Darcy,Sealand,dsealandhi@mlb.com,6629960538
632,Dodi,Forsard,dforsardhj@reference.com,5516994985
633,Alexandre,Bittlestone,abittlestonehk@sciencedirect.com,6912780539
634,Mitchell,MacKaig,mmackaighl@va.gov,5273714639
635,Sheila,Keane,skeanehm@utexas.edu,5964250543
636,Nan,Duligall,nduligallhn@creativecommons.org,8533864886
637,Crosby,Tindall,ctindallho@umn.edu,8628204643
638,Reilly,Archdeckne,rarchdecknehp@bing.com,3288811109
639,Aldis,Seargeant,aseargeanthq@un.org,9791544128
640,Marabel,Daubeny,mdaubenyhr@myspace.com,6039839787
641,Obadiah,Blackstone,oblackstonehs@si.edu,3399293506
642,Halley,Clissell,hclissellht@rambler.ru,6598055954
643,Farleigh,Milthorpe,fmilthorpehu@mlb.com,3399778126
644,Jordain,Fullerd,jfullerdhv@hao123.com,5003119382
645,Kore,Daintith,kdaintithhw@wunderground.com,1329091536
646,Phillipp,Haverty,phavertyhx@samsung.com,3366635691
647,Efren,Espinos,eespinoshy@google.ca,6715914501
648,Papageno,Truce,ptrucehz@w3.org,7196873474
649,Ole,Franchioni,ofranchionii0@epa.gov,9946032836
650,Hyatt,Neaverson,hneaversoni1@zimbio.com,3065794372
651,Lindsy,Hebburn,lhebburni2@google.nl,9612032821
652,Eliza,A'field,eafieldi3@blogspot.com,4342539014
653,Floria,Harmstone,fharmstonei4@wufoo.com,7887330910
654,Jacquenetta,Downing,jdowningi5@webnode.com,1549113527
655,D'arcy,Mumbray,dmumbrayi6@hugedomains.com,3093391150
656,Ewart,Symmers,esymmersi7@archive.org,8812622582
657,Pen,Klewi,pklewii8@phpbb.com,3309869166
658,Lowell,Hegg,lheggi9@typepad.com,7881058408
659,Maye,Pesic,mpesicia@webs.com,3446671648
660,Jana,Hartley,jhartleyib@uiuc.edu,4041733342
661,Anthia,Eam,aeamic@dyndns.org,2345999422
662,Jilli,Redmore,jredmoreid@about.me,6661562176
663,Tiena,Gerriessen,tgerriessenie@webnode.com,9123248320
664,Zeke,Smaridge,zsmaridgeif@slashdot.org,9606276785
665,Rosana,Fontanet,rfontanetig@barnesandnoble.com,6094898196
666,Harriott,Tallboy,htallboyih@flavors.me,9771471896
667,Anny,Callow,acallowii@godaddy.com,2388895844
668,Penrod,Bonifas,pbonifasij@youtube.com,7915774548
669,Beale,Blucher,bblucherik@usa.gov,3624818349
670,Lizzie,Kilshall,lkilshallil@sourceforge.net,9325705233
671,Harp,Mathiassen,hmathiassenim@dailymotion.com,4909920951
672,Jillane,Malcolmson,jmalcolmsonin@economist.com,7294779155
673,Fredelia,Motte,fmotteio@dailymotion.com,1484408301
674,Helaine,Dabs,hdabsip@whitehouse.gov,6959028644
675,Glory,Bettenson,gbettensoniq@un.org,7982630093
676,Levon,McInnerny,lmcinnernyir@plala.or.jp,7158989397
677,Woodie,Gieraths,wgierathsis@alibaba.com,6207595615
678,Napoleon,Baythrop,nbaythropit@blogspot.com,3867511611
679,Hank,Grosvener,hgrosveneriu@hibu.com,3886021906
680,Shepherd,Pratte,spratteiv@cnet.com,8673690372
681,Ernestus,Sudell,esudelliw@prnewswire.com,1465839389
682,Levin,Lofty,lloftyix@walmart.com,4183211601
683,Holden,Antoniewski,hantoniewskiiy@columbia.edu,5186594704
684,Gerhard,Dunsleve,gdunsleveiz@nsw.gov.au,1632321603
685,Twyla,Struijs,tstruijsj0@tamu.edu,7876144617
686,Penrod,Give,pgivej1@typepad.com,8866673432
687,Melvyn,Fairbourn,mfairbournj2@4shared.com,3679609083
688,Meier,Sink,msinkj3@miitbeian.gov.cn,8037047493
689,Faustina,Mound,fmoundj4@china.com.cn,7442323160
690,Laurie,Colling,lcollingj5@smugmug.com,7091216326
691,Mitchael,Jeffryes,mjeffryesj6@msu.edu,6985424644
692,Nobe,Hulse,nhulsej7@yale.edu,6711331459
693,Camella,Birdwistle,cbirdwistlej8@alibaba.com,9015746701
694,Gregorius,Tysack,gtysackj9@va.gov,8731259690
695,Murvyn,Hancill,mhancillja@clickbank.net,8872891077
696,Eugen,Philippson,ephilippsonjb@mysql.com,7966271491
697,Mark,Placstone,mplacstonejc@ft.com,2822057810
698,Madlen,Beldan,mbeldanjd@paginegialle.it,3707124510
699,Clarence,Cohane,ccohaneje@biglobe.ne.jp,8734794850
700,Gal,Swain,gswainjf@reference.com,9848916965
701,Gaultiero,Dawkes,gdawkesjg@de.vu,9174772665
702,Nap,Poveleye,npoveleyejh@smugmug.com,7417486030
703,Chev,Weatherburn,cweatherburnji@liveinternet.ru,3919914108
704,Josefa,Ortas,jortasjj@cocolog-nifty.com,4503952030
705,Joann,Keelinge,jkeelingejk@mit.edu,2452069161
706,Sherilyn,Stancliffe,sstancliffejl@networkadvertising.org,2388551869
707,Judith,Witchard,jwitchardjm@yale.edu,9746503556
708,Orton,Ager,oagerjn@sogou.com,7531085615
709,Evaleen,Lovering,eloveringjo@toplist.cz,7361640577
710,Nico,Pinyon,npinyonjp@examiner.com,8771750600
711,Mitzi,Ashbee,mashbeejq@edublogs.org,5469485407
712,Felice,Labbe,flabbejr@examiner.com,6094226792
713,Chrissy,Abbis,cabbisjs@de.vu,8275313746
714,Sally,Bellini,sbellinijt@discuz.net,2745055180
715,Ellary,Gillyatt,egillyattju@cpanel.net,1699366672
716,Vernen,Uppett,vuppettjv@europa.eu,1968626727
717,Norine,Wones,nwonesjw@wikipedia.org,7769657546
718,Vlad,Cakes,vcakesjx@europa.eu,2631248107
719,Kalina,Crosfeld,kcrosfeldjy@bbb.org,2253713050
720,Rachelle,Morl,rmorljz@shop-pro.jp,6762292210
721,Roselle,Riha,rrihak0@bandcamp.com,3261804037
722,Vittorio,Loins,vloinsk1@bing.com,4104691307
723,L;urette,Ebdon,lebdonk2@yellowbook.com,1324219863
724,Noni,Piotrkowski,npiotrkowskik3@sciencedaily.com,3421700480
725,Gloriana,Shillaker,gshillakerk4@vistaprint.com,7149992607
726,Linnell,Bromhead,lbromheadk5@xinhuanet.com,3544822262
727,Elyn,Mulvy,emulvyk6@google.co.jp,4332021578
728,Kore,Sante,ksantek7@soup.io,8195892337
729,Laney,Horsted,lhorstedk8@hao123.com,7236635849
730,Davine,Rodgier,drodgierk9@issuu.com,4258849705
731,Romy,Jodrelle,rjodrelleka@nasa.gov,8316615473
732,Chucho,Giacomelli,cgiacomellikb@blogger.com,3113349195
733,Stacie,Saer,ssaerkc@dyndns.org,6001500701
734,Stacey,Birt,sbirtkd@cafepress.com,3828072597
735,Haily,Glazier,hglazierke@chicagotribune.com,3377328842
736,Rachelle,Glasbey,rglasbeykf@google.it,8141456574
737,Jerrilee,Hartless,jhartlesskg@bloglovin.com,8108258159
738,Miguela,Vakhrushin,mvakhrushinkh@epa.gov,9396298330
739,Winn,McCay,wmccayki@va.gov,7582859950
740,Vidovic,Woodyeare,vwoodyearekj@home.pl,2724589483
741,Drucy,Gettins,dgettinskk@livejournal.com,7105688515
742,Saleem,Drinkhill,sdrinkhillkl@smh.com.au,4748087666
743,Candie,Brook,cbrookkm@simplemachines.org,6975165200
744,Charo,Demko,cdemkokn@sina.com.cn,6544146248
745,Roselle,Guarin,rguarinko@etsy.com,3811260916
746,Sunshine,Khadir,skhadirkp@prlog.org,5205998601
747,Ellette,Habbin,ehabbinkq@ft.com,8076737862
748,Arlana,Bankes,abankeskr@hatena.ne.jp,1586794728
749,Killian,Elfe,kelfeks@myspace.com,5623893498
750,Budd,Slyme,bslymekt@histats.com,4012890754
751,Rees,Souttar,rsouttarku@wordpress.org,6405428417
752,Matthaeus,Carnell,mcarnellkv@yandex.ru,4568202162
753,Leif,Klaiser,lklaiserkw@parallels.com,9127971781
754,Sibilla,Sainter,ssainterkx@apache.org,4496664136
755,Maggy,Colby,mcolbyky@tuttocitta.it,9268924502
756,Shaine,Frith,sfrithkz@weebly.com,5682947486
757,Irena,Chiswell,ichiswelll0@skype.com,3087761999
758,Baudoin,Balle,bballel1@gizmodo.com,3929680952
759,Ilsa,Speechly,ispeechlyl2@youtube.com,6289391078
760,Vera,Weson,vwesonl3@spiegel.de,9306634662
761,Ebonee,Glasbey,eglasbeyl4@w3.org,9155622380
762,Ardene,Iacovelli,aiacovellil5@csmonitor.com,1787637724
763,Aileen,Hawyes,ahawyesl6@jigsy.com,2469694775
764,Davide,Maffei,dmaffeil7@msu.edu,2725692218
765,Nickie,Blinckhorne,nblinckhornel8@drupal.org,6181385061
766,Justis,Sybbe,jsybbel9@ed.gov,5628100477
767,Sanson,McCudden,smccuddenla@prnewswire.com,2902680408
768,Ansell,Restall,arestalllb@hp.com,8667073933
769,Gayle,Hayler,ghaylerlc@amazon.co.uk,4994611142
770,Brody,Bruhnicke,bbruhnickeld@homestead.com,7143031139
771,Micheil,Thewys,mthewysle@aboutads.info,9117848009
772,Adele,Hagston,ahagstonlf@nhs.uk,3466319708
773,Petunia,Conrath,pconrathlg@merriam-webster.com,8411554576
774,Gale,Matthai,gmatthailh@gravatar.com,9108702585
775,Wilt,Freake,wfreakeli@tinypic.com,4296226209
776,Eunice,Brunetti,ebrunettilj@discovery.com,2659698902
777,Vita,Semble,vsemblelk@hao123.com,6649652528
778,Marsiella,Nucator,mnucatorll@columbia.edu,6365646134
779,Deanna,Coker,dcokerlm@twitter.com,4607262421
780,Shay,Woodlands,swoodlandsln@barnesandnoble.com,9094506371
781,Billy,Klees,bkleeslo@skype.com,4202917631
782,Devora,Talton,dtaltonlp@answers.com,8944782812
783,Jay,Shortland,jshortlandlq@1688.com,7156492608
784,Lucita,Vasiliev,lvasilievlr@yahoo.com,9807412939
785,Kessia,McAvaddy,kmcavaddyls@w3.org,7807020161
786,Ryun,Raynard,rraynardlt@shareasale.com,6432860806
787,Breanne,Tow,btowlu@webs.com,7761579243
788,Alie,Tedridge,atedridgelv@nytimes.com,3173736936
789,Miranda,Tingle,mtinglelw@washingtonpost.com,9398200778
790,Jenica,Dowey,jdoweylx@g.co,3783213754
791,Filip,Figg,ffiggly@google.co.jp,8606934493
792,Alvinia,Lenchenko,alenchenkolz@amazon.com,3786053645
793,Franklyn,Niece,fniecem0@cargocollective.com,3852627136
794,Ambros,Duval,aduvalm1@bloglines.com,4793857646
795,Lizbeth,Laurentin,llaurentinm2@wikispaces.com,4652567695
796,Odette,Gregoraci,ogregoracim3@edublogs.org,4897685095
797,Rosabelle,Raywood,rraywoodm4@woothemes.com,6096220281
798,Curran,Szreter,cszreterm5@fastcompany.com,1284991953
799,Shel,Halcro,shalcrom6@cafepress.com,3884131577
800,Alexandr,Marriner,amarrinerm7@topsy.com,8584775312
801,Pavla,Rivilis,privilism8@plala.or.jp,6389699529
802,Venus,Bosson,vbossonm9@cnet.com,2446325071
803,Tanny,Tales,ttalesma@senate.gov,8282884478
804,Britt,Cess,bcessmb@cisco.com,6097629250
805,Fields,Taffie,ftaffiemc@bloomberg.com,8392445491
806,Jamill,Dixcee,jdixceemd@zdnet.com,6991077760
807,Lindsey,Nunns,lnunnsme@sakura.ne.jp,9431618511
808,Catlaina,Hallstone,challstonemf@constantcontact.com,3415239940
809,Gaylord,Giacomuzzo,ggiacomuzzomg@biglobe.ne.jp,7001690964
810,Jorie,Chittenden,jchittendenmh@ftc.gov,7701940569
811,Hermione,Kinton,hkintonmi@mit.edu,5614744642
812,Lilyan,Frounks,lfrounksmj@house.gov,4249104084
813,Hana,Benkhe,hbenkhemk@ow.ly,9559994364
814,Charleen,Mustarde,cmustardeml@mozilla.com,2091170734
815,Ruthy,Golthorpp,rgolthorppmm@foxnews.com,4974235150
816,Luther,Woollends,lwoollendsmn@macromedia.com,8753744030
817,Glennis,Alfonso,galfonsomo@redcross.org,3974799062
818,Fidelity,Heinemann,fheinemannmp@google.cn,9297665930
819,Ellissa,Witherington,ewitheringtonmq@slideshare.net,6189672194
820,Izabel,Stronach,istronachmr@marketwatch.com,3391334722
821,Shurlock,Roston,srostonms@cocolog-nifty.com,5086553374
822,Malva,Gurden,mgurdenmt@ebay.co.uk,1894593300
823,Ainsley,Cratere,acrateremu@gizmodo.com,9642925675
824,Mei,Castanos,mcastanosmv@jimdo.com,4634923210
825,Shelden,Lowsely,slowselymw@mapquest.com,6419204970
826,Nixie,Kinnach,nkinnachmx@topsy.com,8631896086
827,Maris,Pedroni,mpedronimy@shareasale.com,4662930420
828,Oralle,Lermouth,olermouthmz@paypal.com,5519275277
829,Conan,Drioli,cdriolin0@acquirethisname.com,6754550601
830,Connie,Shimon,cshimonn1@japanpost.jp,3102937261
831,Lizzie,Kittless,lkittlessn2@ucoz.com,6789491873
832,Leonardo,Ellen,lellenn3@webs.com,4027972682
833,Gina,Raynor,graynorn4@linkedin.com,2646099163
834,Mohandas,Fayne,mfaynen5@yahoo.co.jp,5545716240
835,Gwyneth,MacGlory,gmacgloryn6@i2i.jp,6447410773
836,Devan,Pyle,dpylen7@t.co,9634867446
837,Elberta,Hutchins,ehutchinsn8@ustream.tv,3574713565
838,Melany,Peel,mpeeln9@soup.io,5782504033
839,Agace,Gierardi,agierardina@arstechnica.com,7885125076
840,Leanora,Grigolon,lgrigolonnb@hud.gov,2189290082
841,Jo-ann,Serle,jserlenc@redcross.org,6284017959
842,Alain,Curnick,acurnicknd@mit.edu,8939634352
843,Rice,Leil,rleilne@ameblo.jp,9379018673
844,Meredithe,Maps,mmapsnf@posterous.com,2353096121
845,Giacomo,Harrap,gharrapng@seesaa.net,9835159844
846,Cassie,Boate,cboatenh@si.edu,9263845517
847,Carlin,Gladdor,cgladdorni@123-reg.co.uk,8617978570
848,Armstrong,Tidbury,atidburynj@flavors.me,4268570222
849,Denice,O'Brogan,dobrogannk@wired.com,9486026690
850,Othelia,Dent,odentnl@google.pl,2922441701
851,Berne,Dunsford,bdunsfordnm@cargocollective.com,2711251679
852,Loren,Dadswell,ldadswellnn@rediff.com,3596622761
853,Urson,Bereford,uberefordno@weibo.com,2408375182
854,Tedra,Camamile,tcamamilenp@businesswire.com,1646256379
855,Jdavie,Audritt,jaudrittnq@sina.com.cn,1748638947
856,Bethanne,Hector,bhectornr@fotki.com,4188552038
857,Lani,Rens,lrensns@usatoday.com,5427075108
858,Andeee,Sherwell,asherwellnt@qq.com,8048471380
859,Betsy,Geldert,bgeldertnu@imgur.com,2017987500
860,Maryl,Trathen,mtrathennv@freewebs.com,5936638487
861,Annamaria,Breddy,abreddynw@eventbrite.com,2729203570
862,Kelcie,Masters,kmastersnx@sfgate.com,5879457094
863,Ezequiel,O' Mullan,eomullanny@ftc.gov,9026413426
864,Shannen,Rosin,srosinnz@biblegateway.com,2178855844
865,Felizio,Thorpe,fthorpeo0@mac.com,8049084072
866,Bernardo,Tunnow,btunnowo1@ihg.com,5274454894
867,Halimeda,Stopforth,hstopfortho2@shop-pro.jp,3284908971
868,Delora,Moncrieffe,dmoncrieffeo3@umn.edu,8516249554
869,Janith,Burghill,jburghillo4@etsy.com,6161981738
870,Ludovika,Firpo,lfirpoo5@multiply.com,1215404802
871,Augustina,Althorpe,aalthorpeo6@businessweek.com,1032366280
872,Garreth,Cinavas,gcinavaso7@timesonline.co.uk,3582023498
873,Julio,Di Napoli,jdinapolio8@reddit.com,3366888016
874,Yorke,Whisker,ywhiskero9@mozilla.com,7816540946
875,Gregoor,Rosson,grossonoa@livejournal.com,7042101243
876,Shayne,Capron,scapronob@yelp.com,4796120380
877,Ninette,Liebermann,nliebermannoc@mac.com,1329753173
878,Ranee,Gorst,rgorstod@imageshack.us,6585496830
879,Phillis,Ricioppo,pricioppooe@mac.com,4703767862
880,Celia,Fenix,cfenixof@constantcontact.com,9159913455
881,Jacky,Nelthrop,jnelthropog@naver.com,8507339831
882,Jethro,todor,jtodoroh@freewebs.com,5401467320
883,Craggy,Heliet,chelietoi@dedecms.com,2055609064
884,Dahlia,Garman,dgarmanoj@dropbox.com,1491248394
885,Oralle,Thebeaud,othebeaudok@nature.com,8622241316
886,Oliver,Bisiker,obisikerol@comsenz.com,3343817058
887,Helenelizabeth,McCauley,hmccauleyom@marriott.com,9193331387
888,Carr,Roddick,croddickon@gizmodo.com,9357935243
889,Lothario,Burburough,lburburoughoo@over-blog.com,4416494659
890,Clim,Bauldry,cbauldryop@webeden.co.uk,2004233024
891,Derwin,Allison,dallisonoq@alexa.com,2207813289
892,Ruperto,Snalum,rsnalumor@blogger.com,6036987934
893,Pincus,Greenstead,pgreensteados@vkontakte.ru,9146531527
894,Cindi,Kleine,ckleineot@microsoft.com,8461062229
895,Ban,Laflin,blaflinou@elpais.com,2983975849
896,Sarajane,Dainton,sdaintonov@arstechnica.com,6749994666
897,Bellanca,Body,bbodyow@dailymotion.com,4287017636
898,Rockie,Bartlam,rbartlamox@cisco.com,7722797877
899,Reece,Duran,rduranoy@hc360.com,1288089226
900,Shamus,Sealey,ssealeyoz@stanford.edu,5587015191
901,Alley,Cristofori,acristoforip0@economist.com,1791610062
902,Ketty,Wardington,kwardingtonp1@yandex.ru,4024042300
903,Zack,Rawll,zrawllp2@squidoo.com,5085265743
904,Karmen,Ewbanke,kewbankep3@cpanel.net,3439023957
905,Giacomo,Harmer,gharmerp4@si.edu,2875785080
906,Heinrick,Deverell,hdeverellp5@shareasale.com,8601215419
907,Hershel,McComas,hmccomasp6@technorati.com,3837458794
908,Annette,Tomlett,atomlettp7@fastcompany.com,3666701123
909,Archie,Carder,acarderp8@admin.ch,8051832124
910,Katinka,Blanshard,kblanshardp9@upenn.edu,1024174431
911,Charlean,Bacon,cbaconpa@utexas.edu,3829003305
912,Sascha,Ector,sectorpb@squidoo.com,5254972640
913,Ebony,Keates,ekeatespc@ezinearticles.com,4926439627
914,Cassius,Lernihan,clernihanpd@creativecommons.org,2285687968
915,Raffarty,Fenich,rfenichpe@howstuffworks.com,9741979267
916,Steffen,Benedicto,sbenedictopf@ucoz.com,5638579812
917,Neils,Goodie,ngoodiepg@opensource.org,7861086467
918,Tyrus,Feld,tfeldph@wikia.com,4242754038
919,Aldin,Hanbury,ahanburypi@vkontakte.ru,6969104331
920,Kaia,Morais,kmoraispj@aboutads.info,9135535955
921,Thibaut,Adamo,tadamopk@huffingtonpost.com,3666449143
922,Gregor,Dupree,gdupreepl@google.fr,1881882685
923,Sterne,Lewnden,slewndenpm@tmall.com,2033924321
924,Padriac,Pietzker,ppietzkerpn@sitemeter.com,3177612900
925,Wilma,Posselow,wposselowpo@upenn.edu,1919432410
926,Rhett,Cousans,rcousanspp@ebay.com,3204248194
927,Evelyn,Rickarsey,erickarseypq@exblog.jp,6372077102
928,Richart,Tripney,rtripneypr@google.es,7619450520
929,Charmion,Strathman,cstrathmanps@globo.com,7528258349
930,Grantley,Kilmaster,gkilmasterpt@geocities.com,7474262291
931,Marianna,Kettow,mkettowpu@fda.gov,4547935983
932,Erastus,Tilling,etillingpv@ox.ac.uk,2402667720
933,Bill,Icom,bicompw@prweb.com,6971931084
934,Vinnie,Puden,vpudenpx@ifeng.com,3781186106
935,April,Egalton,aegaltonpy@barnesandnoble.com,5908247051
936,Mickie,Gadd,mgaddpz@umn.edu,1472732002
937,Germain,Fowls,gfowlsq0@booking.com,8469081166
938,Helen,Sheering,hsheeringq1@baidu.com,4733475932
939,Bartholomeus,Jedrachowicz,bjedrachowiczq2@prnewswire.com,4277054352
940,Phelia,Seals,psealsq3@sogou.com,2956780409
941,Auberta,Shaefer,ashaeferq4@tmall.com,2497659798
942,Ennis,Hatwell,ehatwellq5@studiopress.com,9738541011
943,Syman,Stollwerck,sstollwerckq6@blogspot.com,1204953543
944,Elene,Grammer,egrammerq7@51.la,7277689389
945,Micheline,Stranio,mstranioq8@patch.com,8303033823
946,Law,Gianinotti,lgianinottiq9@slashdot.org,6672462369
947,Hilary,Trulock,htrulockqa@examiner.com,2496573419
948,Modesta,McKmurrie,mmckmurrieqb@amazonaws.com,7773173594
949,Annelise,Pods,apodsqc@elegantthemes.com,4599664308
950,Lainey,Colecrough,lcolecroughqd@tamu.edu,1949212291
951,Shaylynn,Flori,sfloriqe@people.com.cn,4455189803
952,George,Trorey,gtroreyqf@typepad.com,2058916906
953,Ruby,Marwick,rmarwickqg@t.co,3414648473
954,Peggy,Boundey,pboundeyqh@dagondesign.com,9006284859
955,Reinhold,Allward,rallwardqi@ustream.tv,3584384845
956,Iorgo,Skeemor,iskeemorqj@wp.com,8166745766
957,Rebbecca,Greasley,rgreasleyqk@google.it,6509704582
958,Freddie,Sebley,fsebleyql@simplemachines.org,7628239988
959,Georas,Antonsen,gantonsenqm@1und1.de,8678145330
960,Glad,Ofener,gofenerqn@soup.io,7277232815
961,Osbourne,Levens,olevensqo@sitemeter.com,2264703417
962,Welsh,Ockland,wocklandqp@ibm.com,1762142038
963,Colman,Llewelly,cllewellyqq@google.de,7653570559
964,Jecho,Bourthouloume,jbourthouloumeqr@51.la,3729531985
965,Cookie,Adamovsky,cadamovskyqs@networkadvertising.org,5985130325
966,Frances,Chaplain,fchaplainqt@furl.net,2416771370
967,Witty,Ellams,wellamsqu@comsenz.com,7561027904
968,Elfie,Littlepage,elittlepageqv@quantcast.com,3201770872
969,Papagena,Kenwood,pkenwoodqw@tmall.com,4124545891
970,Arman,Coveney,acoveneyqx@last.fm,8478575622
971,Betti,McCuthais,bmccuthaisqy@pagesperso-orange.fr,8132991310
972,Jori,Bellini,jbelliniqz@nbcnews.com,8648617147
973,Rozalie,Bjorkan,rbjorkanr0@businessinsider.com,4141670612
974,Jennilee,Bonallack,jbonallackr1@seattletimes.com,2203238803
975,Abelard,Tokell,atokellr2@tuttocitta.it,3575644318
976,Bailey,Belfit,bbelfitr3@redcross.org,2899405928
977,Jody,De Ath,jdeathr4@auda.org.au,1879659363
978,Orion,Marston,omarstonr5@lulu.com,5435883029
979,Lianna,Maasze,lmaaszer6@princeton.edu,5206947225
980,Una,Sopp,usoppr7@ibm.com,5111472761
981,Skylar,Groocock,sgroocockr8@barnesandnoble.com,5024129377
982,Sydelle,Fanti,sfantir9@stumbleupon.com,8037151541
983,Lisle,Robillart,lrobillartra@netvibes.com,5058491093
984,Siouxie,Moutray Read,smoutrayreadrb@ed.gov,6419445897
985,Diannne,Cherry,dcherryrc@sbwire.com,7045197732
986,Mia,Fesby,mfesbyrd@answers.com,7847529017
987,Zenia,Abramovitz,zabramovitzre@angelfire.com,7615706580
988,Nobie,Pundy,npundyrf@mail.ru,5901488690
989,Pembroke,Leeman,pleemanrg@com.com,9683791531
990,Miltie,Tantrum,mtantrumrh@goodreads.com,9581308719
991,Merilyn,Clunie,mclunieri@comsenz.com,2198319951
992,Matthaeus,Hickisson,mhickissonrj@amazon.de,1883253345
993,Philly,Hutchence,phutchencerk@hp.com,7089003267
994,Gerladina,Truse,gtruserl@ehow.com,7098992847
995,Fanchon,Scholey,fscholeyrm@aol.com,1204281866
996,Warde,Ayers,wayersrn@example.com,6601909352
997,Kassey,Pastor,kpastorro@qq.com,6446796081
998,Joanna,Spencock,jspencockrp@economist.com,6408027137
999,Enrichetta,Delacroix,edelacroixrq@miitbeian.gov.cn,1917338429
1000,Warde,Leah,wleahrr@webnode.com,9465322121
